{"cameraMode":{"drawMode":0,"name":"Shaded","section":"Shading Mode"},"sceneLighting":true,"audioPlay":false,"sceneViewState":{"showFog":true,"showMaterialUpdate":false,"showSkybox":true,"showFlares":true,"showImageEffects":true,"showParticleSystems":true},"in2DMode":false,"pivot":{"x":401.84149169921877,"y":90.2030029296875,"z":-562.0889892578125},"rotation":{"x":0.08214528858661652,"y":0.606270432472229,"z":-0.06316220760345459,"w":0.7884789109230042},"size":6.822140693664551,"orthographic":false}